<NewDataSet>
	<xs:schema id="NewDataSet" xmlns="" xmlns:xs="http://www.w3.org/2001/XMLSchema" xmlns:msdata="urn:schemas-microsoft-com:xml-msdata">
		<xs:element name="NewDataSet" msdata:IsDataSet="true">
			<xs:complexType>
				<xs:choice maxOccurs="unbounded">
					<xs:element name="Demo_x0020_Table">
						<xs:complexType>
							<xs:sequence>
								<xs:element name="AString" type="xs:string" minOccurs="0" />
								<xs:element name="AnInt16" type="xs:short" minOccurs="0" />
								<xs:element name="AnInt32" type="xs:int" minOccurs="0" />
								<xs:element name="AnInt64" type="xs:long" minOccurs="0" />
								<xs:element name="AUInt16" type="xs:unsignedShort" minOccurs="0" />
								<xs:element name="AUInt32" type="xs:unsignedInt" minOccurs="0" />
								<xs:element name="AUInt64" type="xs:unsignedLong" minOccurs="0" />
								<xs:element name="AFloat" type="xs:float" minOccurs="0" />
								<xs:element name="ADecimal" type="xs:decimal" minOccurs="0" />
								<xs:element name="ABoolean" type="xs:boolean" minOccurs="0" />
								<xs:element name="AChar" minOccurs="0">
									<xs:simpleType>
										<xs:restriction base="xs:string">
											<xs:length value="1" />
										</xs:restriction>
									</xs:simpleType>
								</xs:element>
								<xs:element name="ADateTime" type="xs:dateTime" minOccurs="0" />
							</xs:sequence>
						</xs:complexType>
					</xs:element>
				</xs:choice>
			</xs:complexType>
		</xs:element>
	</xs:schema>
	<Demo_x0020_Table>
		<AString>AString1</AString>
		<AnInt16>1</AnInt16>
		<AnInt32>2</AnInt32>
		<AnInt64>3</AnInt64>
		<AUInt16>4</AUInt16>
		<AUInt32>5</AUInt32>
		<AUInt64>6</AUInt64>
		<AFloat>7</AFloat>
		<ADecimal>8</ADecimal>
		<ABoolean>true</ABoolean>
		<AChar>c</AChar>
		<ADateTime>2001-06-16T00:00:00.0000000-07:00</ADateTime>
	</Demo_x0020_Table>
	<Demo_x0020_Table>
		<AString>AString2</AString>
		<AnInt16>5</AnInt16>
		<AnInt32>20</AnInt32>
		<AnInt64>30</AnInt64>
		<AUInt16>40</AUInt16>
		<AUInt32>50</AUInt32>
		<AUInt64>60</AUInt64>
		<AFloat>70</AFloat>
		<ADecimal>80</ADecimal>
		<ABoolean>false</ABoolean>
		<AChar>d</AChar>
		<ADateTime>2003-06-24T00:00:00.0000000-07:00</ADateTime>
	</Demo_x0020_Table>
</NewDataSet>